"tema";"indicador";"valor";"unidade";"periodo";"fonte";"url";"revisao"
"Seu dinheiro compra mais?";"Alta dos preços desde 2023";"17,90";"%";"jan/2023–ago/2026 · IPCA";"BCB / IBGE · SGS 433 · jan/2023–ago/2026";"https://api.bcb.gov.br/dados/serie/bcdata.sgs.433/dados?formato=json&dataInicial=01/01/2023&dataFinal=01/08/2026";"2026-10-02"
"Seu dinheiro compra mais?";"Rendimento médio real";"3.777";"R$";"jun–ago/2026 · todos os trabalhos";"IBGE / informativo da Fazenda · jun–ago/2026";"https://www.gov.br/fazenda/pt-br/central-de-conteudo/publicacoes/conjuntura-economica/emprego-e-renda/defeso-eleitoral-2026/informativo-pnad-ago2026.html";"2026-10-02"
"Seu dinheiro compra mais?";"Rendimento mediano estimado";"2.300";"R$";"abr–jun/2026 · nominal · cálculo do projeto";"Estimativa do projeto · microdados IBGE · abr–jun/2026";"https://jonex-01.github.io/elei-es-2026/Scrollytelling_Eleicoes_2026/dados/renda-pnad-2026-2tri.json";"2026-10-02"
"Seu dinheiro compra mais?";"Cesta / salário mínimo líquido";"60,06";"%";"ago/2026 · São Paulo";"Conab / DIEESE · ago/2026 · p. 3";"https://www.dieese.org.br/analisecestabasica/2026/202608cestabasica.pdf";"2026-10-02"
"Há mais trabalho. Ele atende às necessidades?";"Desocupação";"5,3";"%";"jun–ago/2026 · Brasil";"IBGE / informativo da Fazenda · jun–ago/2026";"https://www.gov.br/fazenda/pt-br/central-de-conteudo/publicacoes/conjuntura-economica/emprego-e-renda/defeso-eleitoral-2026/informativo-pnad-ago2026.html";"2026-10-02"
"Há mais trabalho. Ele atende às necessidades?";"Subutilização do trabalho";"13,1";"%";"jun–ago/2026 · Brasil";"IBGE / informativo da Fazenda · jun–ago/2026";"https://www.gov.br/fazenda/pt-br/central-de-conteudo/publicacoes/conjuntura-economica/emprego-e-renda/defeso-eleitoral-2026/informativo-pnad-ago2026.html";"2026-10-02"
"Há mais trabalho. Ele atende às necessidades?";"Informalidade";"37,5";"%";"jun–ago/2026 · população ocupada";"IBGE · SIDRA 8513 · jun–ago/2026";"https://apisidra.ibge.gov.br/values/t/8513/n1/all/v/12466/p/202608";"2026-10-02"
"Há mais trabalho. Ele atende às necessidades?";"Pessoas desalentadas";"2,4";"milhões";"jun–ago/2026 · Brasil";"IBGE · divulgação de 29/09/2026 · via Agência Gov";"https://agenciagov.ebc.com.br/noticias/202609/desemprego-cai-no-trimestre-e-numero-de-pessoas-ocupadas-e-o-maior-da-serie-historica";"2026-10-02"
"Há mais trabalho. Ele atende às necessidades?";"Subocupação por horas";"4,3";"milhões";"jun–ago/2026 · Brasil";"IBGE · divulgação de 29/09/2026 · via Agência Gov";"https://agenciagov.ebc.com.br/noticias/202609/desemprego-cai-no-trimestre-e-numero-de-pessoas-ocupadas-e-o-maior-da-serie-historica";"2026-10-02"
"Há mais trabalho. Ele atende às necessidades?";"Nível de ocupação";"58,9";"%";"jun–ago/2026 · população de 14 anos ou mais";"IBGE · divulgação de 29/09/2026 · via Agência Gov";"https://agenciagov.ebc.com.br/noticias/202609/desemprego-cai-no-trimestre-e-numero-de-pessoas-ocupadas-e-o-maior-da-serie-historica";"2026-10-02"
"O país está produzindo e investindo mais?";"Crescimento real do PIB";"+0,5";"%";"2º tri/2026 contra 1º tri/2026";"IBGE / informativo da Fazenda · 2º trimestre/2026";"https://www.gov.br/fazenda/pt-br/central-de-conteudo/publicacoes/conjuntura-economica/atividade-economica/defeso-eleitoral-2026/informativo-pib-jun2026.html";"2026-10-02"
"O país está produzindo e investindo mais?";"PIB em quatro trimestres";"+1,9";"%";"até o 2º trimestre/2026";"IBGE / informativo da Fazenda · 2º trimestre/2026";"https://www.gov.br/fazenda/pt-br/central-de-conteudo/publicacoes/conjuntura-economica/atividade-economica/defeso-eleitoral-2026/informativo-pib-jun2026.html";"2026-10-02"
"O país está produzindo e investindo mais?";"Investimento em capital fixo";"+1,2";"%";"2º tri/2026 contra 1º tri/2026";"IBGE / informativo da Fazenda · 2º trimestre/2026";"https://www.gov.br/fazenda/pt-br/central-de-conteudo/publicacoes/conjuntura-economica/atividade-economica/defeso-eleitoral-2026/informativo-pib-jun2026.html";"2026-10-02"
"O país está produzindo e investindo mais?";"Taxa de investimento";"16,1";"% do PIB";"2º trimestre/2026 · Brasil";"IBGE · SIDRA 6727 · 2º trimestre/2026";"https://apisidra.ibge.gov.br/values/t/6727/n1/all/v/2517/p/202602";"2026-10-02"
"Como a conta pública fecha?";"Déficit primário";"0,62";"% do PIB";"12 meses até ago/2026 · setor público consolidado";"BCB · nota de 30/09/2026 · p. 2–3";"https://www.bcb.gov.br/content/estatisticas/hist_estatisticasfiscais/202609_Texto_de_estatisticas_fiscais.pdf";"2026-10-02"
"Como a conta pública fecha?";"Juros nominais";"8,86";"% do PIB";"12 meses até ago/2026 · setor público consolidado";"BCB · nota de 30/09/2026 · p. 2–3";"https://www.bcb.gov.br/content/estatisticas/hist_estatisticasfiscais/202609_Texto_de_estatisticas_fiscais.pdf";"2026-10-02"
"Como a conta pública fecha?";"Déficit nominal";"9,48";"% do PIB";"12 meses até ago/2026 · setor público consolidado";"BCB · nota de 30/09/2026 · p. 2–3";"https://www.bcb.gov.br/content/estatisticas/hist_estatisticasfiscais/202609_Texto_de_estatisticas_fiscais.pdf";"2026-10-02"
"Como a conta pública fecha?";"Dívida bruta / PIB";"82,9";"%";"ago/2026 · governo geral";"BCB · SGS 13762 · dez/2010–ago/2026";"https://api.bcb.gov.br/dados/serie/bcdata.sgs.13762/dados?formato=json&dataInicial=01/12/2010&dataFinal=01/08/2026";"2026-10-02"
"Como sustentar as melhorias?";"Prevalência de subalimentação";"< 2,5";"%";"2023–2025 · média trienal · SOFI 2026";"SOFI 2026 / MDS · Brasil fora do Mapa da Fome";"https://www.gov.br/mds/pt-br/noticias/relatorio-da-onu-confirma-que-brasil-permanece-fora-do-mapa-da-fome-e-aponta-melhora-em-indicadores";"2026-10-02"
"Como sustentar as melhorias?";"Insegurança alimentar moderada ou grave";"9,6";"%";"2023–2025 · média trienal · SOFI 2026";"SOFI 2026 / Consea · triênio 2023–2025";"https://www.gov.br/secretariageral/pt-br/consea/relatorio-sofi-2026/relatorio-sofi-2026-o-estado-da-seguranca-alimentar-e-nutricional-no-mundo";"2026-10-02"
"Como sustentar as melhorias?";"Renda comprometida com dívidas";"28,7";"%";"jul/2026 · famílias · BCB";"BCB · nota de 29/09/2026 · p. 3–4";"https://www.bcb.gov.br/content/estatisticas/hist_estatisticasmonetariascredito/202609_Texto_de_estatisticas_monetarias_e_de_credito.pdf";"2026-10-02"
"Como sustentar as melhorias?";"Meta Selic";"13,75";"% a.a.";"vigente desde 17/09/2026";"BCB · decisão de 16/09/2026";"https://www.bcb.gov.br/estabilidadefinanceira/exibenormativo?numero=45963&tipo=Comunicado";"2026-10-02"
