"area";"pergunta";"comparacao";"indicador";"referencia";"valor";"limites";"fontes";"revisao"
"Educação";"O Ideb subiu: os alunos aprenderam mais ou foram mais aprovados?";"Ideb observado · Brasil · redes públicas e privadas";"2005";"Anos iniciais";"3,8";"Observações bienais, sem metas ou interpolação de resultados para anos sem avaliação. A escala não é porcentagem de aprendizagem.";"https://www.gov.br/inep/pt-br/centrais-de-conteudo/noticias/ideb/ideb-avanca-em-todas-as-etapas-da-educacao-basica | https://www.gov.br/inep/pt-br/areas-de-atuacao/pesquisas-estatisticas-e-indicadores/ideb/resultados";"2026-10-02"
"Educação";"O Ideb subiu: os alunos aprenderam mais ou foram mais aprovados?";"Ideb observado · Brasil · redes públicas e privadas";"2005";"Anos finais";"3,5";"Observações bienais, sem metas ou interpolação de resultados para anos sem avaliação. A escala não é porcentagem de aprendizagem.";"https://www.gov.br/inep/pt-br/centrais-de-conteudo/noticias/ideb/ideb-avanca-em-todas-as-etapas-da-educacao-basica | https://www.gov.br/inep/pt-br/areas-de-atuacao/pesquisas-estatisticas-e-indicadores/ideb/resultados";"2026-10-02"
"Educação";"O Ideb subiu: os alunos aprenderam mais ou foram mais aprovados?";"Ideb observado · Brasil · redes públicas e privadas";"2005";"Ensino médio";"3,4";"Observações bienais, sem metas ou interpolação de resultados para anos sem avaliação. A escala não é porcentagem de aprendizagem.";"https://www.gov.br/inep/pt-br/centrais-de-conteudo/noticias/ideb/ideb-avanca-em-todas-as-etapas-da-educacao-basica | https://www.gov.br/inep/pt-br/areas-de-atuacao/pesquisas-estatisticas-e-indicadores/ideb/resultados";"2026-10-02"
"Educação";"O Ideb subiu: os alunos aprenderam mais ou foram mais aprovados?";"Ideb observado · Brasil · redes públicas e privadas";"2007";"Anos iniciais";"4,2";"Observações bienais, sem metas ou interpolação de resultados para anos sem avaliação. A escala não é porcentagem de aprendizagem.";"https://www.gov.br/inep/pt-br/centrais-de-conteudo/noticias/ideb/ideb-avanca-em-todas-as-etapas-da-educacao-basica | https://www.gov.br/inep/pt-br/areas-de-atuacao/pesquisas-estatisticas-e-indicadores/ideb/resultados";"2026-10-02"
"Educação";"O Ideb subiu: os alunos aprenderam mais ou foram mais aprovados?";"Ideb observado · Brasil · redes públicas e privadas";"2007";"Anos finais";"3,8";"Observações bienais, sem metas ou interpolação de resultados para anos sem avaliação. A escala não é porcentagem de aprendizagem.";"https://www.gov.br/inep/pt-br/centrais-de-conteudo/noticias/ideb/ideb-avanca-em-todas-as-etapas-da-educacao-basica | https://www.gov.br/inep/pt-br/areas-de-atuacao/pesquisas-estatisticas-e-indicadores/ideb/resultados";"2026-10-02"
"Educação";"O Ideb subiu: os alunos aprenderam mais ou foram mais aprovados?";"Ideb observado · Brasil · redes públicas e privadas";"2007";"Ensino médio";"3,5";"Observações bienais, sem metas ou interpolação de resultados para anos sem avaliação. A escala não é porcentagem de aprendizagem.";"https://www.gov.br/inep/pt-br/centrais-de-conteudo/noticias/ideb/ideb-avanca-em-todas-as-etapas-da-educacao-basica | https://www.gov.br/inep/pt-br/areas-de-atuacao/pesquisas-estatisticas-e-indicadores/ideb/resultados";"2026-10-02"
"Educação";"O Ideb subiu: os alunos aprenderam mais ou foram mais aprovados?";"Ideb observado · Brasil · redes públicas e privadas";"2009";"Anos iniciais";"4,6";"Observações bienais, sem metas ou interpolação de resultados para anos sem avaliação. A escala não é porcentagem de aprendizagem.";"https://www.gov.br/inep/pt-br/centrais-de-conteudo/noticias/ideb/ideb-avanca-em-todas-as-etapas-da-educacao-basica | https://www.gov.br/inep/pt-br/areas-de-atuacao/pesquisas-estatisticas-e-indicadores/ideb/resultados";"2026-10-02"
"Educação";"O Ideb subiu: os alunos aprenderam mais ou foram mais aprovados?";"Ideb observado · Brasil · redes públicas e privadas";"2009";"Anos finais";"4";"Observações bienais, sem metas ou interpolação de resultados para anos sem avaliação. A escala não é porcentagem de aprendizagem.";"https://www.gov.br/inep/pt-br/centrais-de-conteudo/noticias/ideb/ideb-avanca-em-todas-as-etapas-da-educacao-basica | https://www.gov.br/inep/pt-br/areas-de-atuacao/pesquisas-estatisticas-e-indicadores/ideb/resultados";"2026-10-02"
"Educação";"O Ideb subiu: os alunos aprenderam mais ou foram mais aprovados?";"Ideb observado · Brasil · redes públicas e privadas";"2009";"Ensino médio";"3,6";"Observações bienais, sem metas ou interpolação de resultados para anos sem avaliação. A escala não é porcentagem de aprendizagem.";"https://www.gov.br/inep/pt-br/centrais-de-conteudo/noticias/ideb/ideb-avanca-em-todas-as-etapas-da-educacao-basica | https://www.gov.br/inep/pt-br/areas-de-atuacao/pesquisas-estatisticas-e-indicadores/ideb/resultados";"2026-10-02"
"Educação";"O Ideb subiu: os alunos aprenderam mais ou foram mais aprovados?";"Ideb observado · Brasil · redes públicas e privadas";"2011";"Anos iniciais";"5";"Observações bienais, sem metas ou interpolação de resultados para anos sem avaliação. A escala não é porcentagem de aprendizagem.";"https://www.gov.br/inep/pt-br/centrais-de-conteudo/noticias/ideb/ideb-avanca-em-todas-as-etapas-da-educacao-basica | https://www.gov.br/inep/pt-br/areas-de-atuacao/pesquisas-estatisticas-e-indicadores/ideb/resultados";"2026-10-02"
"Educação";"O Ideb subiu: os alunos aprenderam mais ou foram mais aprovados?";"Ideb observado · Brasil · redes públicas e privadas";"2011";"Anos finais";"4,1";"Observações bienais, sem metas ou interpolação de resultados para anos sem avaliação. A escala não é porcentagem de aprendizagem.";"https://www.gov.br/inep/pt-br/centrais-de-conteudo/noticias/ideb/ideb-avanca-em-todas-as-etapas-da-educacao-basica | https://www.gov.br/inep/pt-br/areas-de-atuacao/pesquisas-estatisticas-e-indicadores/ideb/resultados";"2026-10-02"
"Educação";"O Ideb subiu: os alunos aprenderam mais ou foram mais aprovados?";"Ideb observado · Brasil · redes públicas e privadas";"2011";"Ensino médio";"3,7";"Observações bienais, sem metas ou interpolação de resultados para anos sem avaliação. A escala não é porcentagem de aprendizagem.";"https://www.gov.br/inep/pt-br/centrais-de-conteudo/noticias/ideb/ideb-avanca-em-todas-as-etapas-da-educacao-basica | https://www.gov.br/inep/pt-br/areas-de-atuacao/pesquisas-estatisticas-e-indicadores/ideb/resultados";"2026-10-02"
"Educação";"O Ideb subiu: os alunos aprenderam mais ou foram mais aprovados?";"Ideb observado · Brasil · redes públicas e privadas";"2013";"Anos iniciais";"5,2";"Observações bienais, sem metas ou interpolação de resultados para anos sem avaliação. A escala não é porcentagem de aprendizagem.";"https://www.gov.br/inep/pt-br/centrais-de-conteudo/noticias/ideb/ideb-avanca-em-todas-as-etapas-da-educacao-basica | https://www.gov.br/inep/pt-br/areas-de-atuacao/pesquisas-estatisticas-e-indicadores/ideb/resultados";"2026-10-02"
"Educação";"O Ideb subiu: os alunos aprenderam mais ou foram mais aprovados?";"Ideb observado · Brasil · redes públicas e privadas";"2013";"Anos finais";"4,2";"Observações bienais, sem metas ou interpolação de resultados para anos sem avaliação. A escala não é porcentagem de aprendizagem.";"https://www.gov.br/inep/pt-br/centrais-de-conteudo/noticias/ideb/ideb-avanca-em-todas-as-etapas-da-educacao-basica | https://www.gov.br/inep/pt-br/areas-de-atuacao/pesquisas-estatisticas-e-indicadores/ideb/resultados";"2026-10-02"
"Educação";"O Ideb subiu: os alunos aprenderam mais ou foram mais aprovados?";"Ideb observado · Brasil · redes públicas e privadas";"2013";"Ensino médio";"3,7";"Observações bienais, sem metas ou interpolação de resultados para anos sem avaliação. A escala não é porcentagem de aprendizagem.";"https://www.gov.br/inep/pt-br/centrais-de-conteudo/noticias/ideb/ideb-avanca-em-todas-as-etapas-da-educacao-basica | https://www.gov.br/inep/pt-br/areas-de-atuacao/pesquisas-estatisticas-e-indicadores/ideb/resultados";"2026-10-02"
"Educação";"O Ideb subiu: os alunos aprenderam mais ou foram mais aprovados?";"Ideb observado · Brasil · redes públicas e privadas";"2015";"Anos iniciais";"5,5";"Observações bienais, sem metas ou interpolação de resultados para anos sem avaliação. A escala não é porcentagem de aprendizagem.";"https://www.gov.br/inep/pt-br/centrais-de-conteudo/noticias/ideb/ideb-avanca-em-todas-as-etapas-da-educacao-basica | https://www.gov.br/inep/pt-br/areas-de-atuacao/pesquisas-estatisticas-e-indicadores/ideb/resultados";"2026-10-02"
"Educação";"O Ideb subiu: os alunos aprenderam mais ou foram mais aprovados?";"Ideb observado · Brasil · redes públicas e privadas";"2015";"Anos finais";"4,5";"Observações bienais, sem metas ou interpolação de resultados para anos sem avaliação. A escala não é porcentagem de aprendizagem.";"https://www.gov.br/inep/pt-br/centrais-de-conteudo/noticias/ideb/ideb-avanca-em-todas-as-etapas-da-educacao-basica | https://www.gov.br/inep/pt-br/areas-de-atuacao/pesquisas-estatisticas-e-indicadores/ideb/resultados";"2026-10-02"
"Educação";"O Ideb subiu: os alunos aprenderam mais ou foram mais aprovados?";"Ideb observado · Brasil · redes públicas e privadas";"2015";"Ensino médio";"3,7";"Observações bienais, sem metas ou interpolação de resultados para anos sem avaliação. A escala não é porcentagem de aprendizagem.";"https://www.gov.br/inep/pt-br/centrais-de-conteudo/noticias/ideb/ideb-avanca-em-todas-as-etapas-da-educacao-basica | https://www.gov.br/inep/pt-br/areas-de-atuacao/pesquisas-estatisticas-e-indicadores/ideb/resultados";"2026-10-02"
"Educação";"O Ideb subiu: os alunos aprenderam mais ou foram mais aprovados?";"Ideb observado · Brasil · redes públicas e privadas";"2017";"Anos iniciais";"5,8";"Observações bienais, sem metas ou interpolação de resultados para anos sem avaliação. A escala não é porcentagem de aprendizagem.";"https://www.gov.br/inep/pt-br/centrais-de-conteudo/noticias/ideb/ideb-avanca-em-todas-as-etapas-da-educacao-basica | https://www.gov.br/inep/pt-br/areas-de-atuacao/pesquisas-estatisticas-e-indicadores/ideb/resultados";"2026-10-02"
"Educação";"O Ideb subiu: os alunos aprenderam mais ou foram mais aprovados?";"Ideb observado · Brasil · redes públicas e privadas";"2017";"Anos finais";"4,7";"Observações bienais, sem metas ou interpolação de resultados para anos sem avaliação. A escala não é porcentagem de aprendizagem.";"https://www.gov.br/inep/pt-br/centrais-de-conteudo/noticias/ideb/ideb-avanca-em-todas-as-etapas-da-educacao-basica | https://www.gov.br/inep/pt-br/areas-de-atuacao/pesquisas-estatisticas-e-indicadores/ideb/resultados";"2026-10-02"
"Educação";"O Ideb subiu: os alunos aprenderam mais ou foram mais aprovados?";"Ideb observado · Brasil · redes públicas e privadas";"2017";"Ensino médio";"3,8";"Observações bienais, sem metas ou interpolação de resultados para anos sem avaliação. A escala não é porcentagem de aprendizagem.";"https://www.gov.br/inep/pt-br/centrais-de-conteudo/noticias/ideb/ideb-avanca-em-todas-as-etapas-da-educacao-basica | https://www.gov.br/inep/pt-br/areas-de-atuacao/pesquisas-estatisticas-e-indicadores/ideb/resultados";"2026-10-02"
"Educação";"O Ideb subiu: os alunos aprenderam mais ou foram mais aprovados?";"Ideb observado · Brasil · redes públicas e privadas";"2019";"Anos iniciais";"5,9";"Observações bienais, sem metas ou interpolação de resultados para anos sem avaliação. A escala não é porcentagem de aprendizagem.";"https://www.gov.br/inep/pt-br/centrais-de-conteudo/noticias/ideb/ideb-avanca-em-todas-as-etapas-da-educacao-basica | https://www.gov.br/inep/pt-br/areas-de-atuacao/pesquisas-estatisticas-e-indicadores/ideb/resultados";"2026-10-02"
"Educação";"O Ideb subiu: os alunos aprenderam mais ou foram mais aprovados?";"Ideb observado · Brasil · redes públicas e privadas";"2019";"Anos finais";"4,9";"Observações bienais, sem metas ou interpolação de resultados para anos sem avaliação. A escala não é porcentagem de aprendizagem.";"https://www.gov.br/inep/pt-br/centrais-de-conteudo/noticias/ideb/ideb-avanca-em-todas-as-etapas-da-educacao-basica | https://www.gov.br/inep/pt-br/areas-de-atuacao/pesquisas-estatisticas-e-indicadores/ideb/resultados";"2026-10-02"
"Educação";"O Ideb subiu: os alunos aprenderam mais ou foram mais aprovados?";"Ideb observado · Brasil · redes públicas e privadas";"2019";"Ensino médio";"4,2";"Observações bienais, sem metas ou interpolação de resultados para anos sem avaliação. A escala não é porcentagem de aprendizagem.";"https://www.gov.br/inep/pt-br/centrais-de-conteudo/noticias/ideb/ideb-avanca-em-todas-as-etapas-da-educacao-basica | https://www.gov.br/inep/pt-br/areas-de-atuacao/pesquisas-estatisticas-e-indicadores/ideb/resultados";"2026-10-02"
"Educação";"O Ideb subiu: os alunos aprenderam mais ou foram mais aprovados?";"Ideb observado · Brasil · redes públicas e privadas";"2021";"Anos iniciais";"5,8";"Observações bienais, sem metas ou interpolação de resultados para anos sem avaliação. A escala não é porcentagem de aprendizagem.";"https://www.gov.br/inep/pt-br/centrais-de-conteudo/noticias/ideb/ideb-avanca-em-todas-as-etapas-da-educacao-basica | https://www.gov.br/inep/pt-br/areas-de-atuacao/pesquisas-estatisticas-e-indicadores/ideb/resultados";"2026-10-02"
"Educação";"O Ideb subiu: os alunos aprenderam mais ou foram mais aprovados?";"Ideb observado · Brasil · redes públicas e privadas";"2021";"Anos finais";"5,1";"Observações bienais, sem metas ou interpolação de resultados para anos sem avaliação. A escala não é porcentagem de aprendizagem.";"https://www.gov.br/inep/pt-br/centrais-de-conteudo/noticias/ideb/ideb-avanca-em-todas-as-etapas-da-educacao-basica | https://www.gov.br/inep/pt-br/areas-de-atuacao/pesquisas-estatisticas-e-indicadores/ideb/resultados";"2026-10-02"
"Educação";"O Ideb subiu: os alunos aprenderam mais ou foram mais aprovados?";"Ideb observado · Brasil · redes públicas e privadas";"2021";"Ensino médio";"4,2";"Observações bienais, sem metas ou interpolação de resultados para anos sem avaliação. A escala não é porcentagem de aprendizagem.";"https://www.gov.br/inep/pt-br/centrais-de-conteudo/noticias/ideb/ideb-avanca-em-todas-as-etapas-da-educacao-basica | https://www.gov.br/inep/pt-br/areas-de-atuacao/pesquisas-estatisticas-e-indicadores/ideb/resultados";"2026-10-02"
"Educação";"O Ideb subiu: os alunos aprenderam mais ou foram mais aprovados?";"Ideb observado · Brasil · redes públicas e privadas";"2023";"Anos iniciais";"6";"Observações bienais, sem metas ou interpolação de resultados para anos sem avaliação. A escala não é porcentagem de aprendizagem.";"https://www.gov.br/inep/pt-br/centrais-de-conteudo/noticias/ideb/ideb-avanca-em-todas-as-etapas-da-educacao-basica | https://www.gov.br/inep/pt-br/areas-de-atuacao/pesquisas-estatisticas-e-indicadores/ideb/resultados";"2026-10-02"
"Educação";"O Ideb subiu: os alunos aprenderam mais ou foram mais aprovados?";"Ideb observado · Brasil · redes públicas e privadas";"2023";"Anos finais";"5";"Observações bienais, sem metas ou interpolação de resultados para anos sem avaliação. A escala não é porcentagem de aprendizagem.";"https://www.gov.br/inep/pt-br/centrais-de-conteudo/noticias/ideb/ideb-avanca-em-todas-as-etapas-da-educacao-basica | https://www.gov.br/inep/pt-br/areas-de-atuacao/pesquisas-estatisticas-e-indicadores/ideb/resultados";"2026-10-02"
"Educação";"O Ideb subiu: os alunos aprenderam mais ou foram mais aprovados?";"Ideb observado · Brasil · redes públicas e privadas";"2023";"Ensino médio";"4,3";"Observações bienais, sem metas ou interpolação de resultados para anos sem avaliação. A escala não é porcentagem de aprendizagem.";"https://www.gov.br/inep/pt-br/centrais-de-conteudo/noticias/ideb/ideb-avanca-em-todas-as-etapas-da-educacao-basica | https://www.gov.br/inep/pt-br/areas-de-atuacao/pesquisas-estatisticas-e-indicadores/ideb/resultados";"2026-10-02"
"Educação";"O Ideb subiu: os alunos aprenderam mais ou foram mais aprovados?";"Ideb observado · Brasil · redes públicas e privadas";"2025";"Anos iniciais";"6,3";"Observações bienais, sem metas ou interpolação de resultados para anos sem avaliação. A escala não é porcentagem de aprendizagem.";"https://www.gov.br/inep/pt-br/centrais-de-conteudo/noticias/ideb/ideb-avanca-em-todas-as-etapas-da-educacao-basica | https://www.gov.br/inep/pt-br/areas-de-atuacao/pesquisas-estatisticas-e-indicadores/ideb/resultados";"2026-10-02"
"Educação";"O Ideb subiu: os alunos aprenderam mais ou foram mais aprovados?";"Ideb observado · Brasil · redes públicas e privadas";"2025";"Anos finais";"5,3";"Observações bienais, sem metas ou interpolação de resultados para anos sem avaliação. A escala não é porcentagem de aprendizagem.";"https://www.gov.br/inep/pt-br/centrais-de-conteudo/noticias/ideb/ideb-avanca-em-todas-as-etapas-da-educacao-basica | https://www.gov.br/inep/pt-br/areas-de-atuacao/pesquisas-estatisticas-e-indicadores/ideb/resultados";"2026-10-02"
"Educação";"O Ideb subiu: os alunos aprenderam mais ou foram mais aprovados?";"Ideb observado · Brasil · redes públicas e privadas";"2025";"Ensino médio";"4,5";"Observações bienais, sem metas ou interpolação de resultados para anos sem avaliação. A escala não é porcentagem de aprendizagem.";"https://www.gov.br/inep/pt-br/centrais-de-conteudo/noticias/ideb/ideb-avanca-em-todas-as-etapas-da-educacao-basica | https://www.gov.br/inep/pt-br/areas-de-atuacao/pesquisas-estatisticas-e-indicadores/ideb/resultados";"2026-10-02"
"Educação";"O Ideb subiu: os alunos aprenderam mais ou foram mais aprovados?";"Saeb: matemática · redes públicas · comparação dentro de cada etapa";"5º ano";"2023";"218,3";"Proficiência na escala Saeb (0–500), distinta do Ideb (0–10). Aqui o recorte é só de redes públicas; não comparar estes níveis diretamente com o gráfico público + privado nem interpretar diferenças entre séries como ganho dos mesmos alunos.";"https://www.gov.br/inep/pt-br/centrais-de-conteudo/noticias/ideb/ideb-avanca-em-todas-as-etapas-da-educacao-basica";"2026-10-02"
"Educação";"O Ideb subiu: os alunos aprenderam mais ou foram mais aprovados?";"Saeb: matemática · redes públicas · comparação dentro de cada etapa";"5º ano";"2025";"227,4";"Proficiência na escala Saeb (0–500), distinta do Ideb (0–10). Aqui o recorte é só de redes públicas; não comparar estes níveis diretamente com o gráfico público + privado nem interpretar diferenças entre séries como ganho dos mesmos alunos.";"https://www.gov.br/inep/pt-br/centrais-de-conteudo/noticias/ideb/ideb-avanca-em-todas-as-etapas-da-educacao-basica";"2026-10-02"
"Educação";"O Ideb subiu: os alunos aprenderam mais ou foram mais aprovados?";"Saeb: matemática · redes públicas · comparação dentro de cada etapa";"9º ano";"2023";"249,9";"Proficiência na escala Saeb (0–500), distinta do Ideb (0–10). Aqui o recorte é só de redes públicas; não comparar estes níveis diretamente com o gráfico público + privado nem interpretar diferenças entre séries como ganho dos mesmos alunos.";"https://www.gov.br/inep/pt-br/centrais-de-conteudo/noticias/ideb/ideb-avanca-em-todas-as-etapas-da-educacao-basica";"2026-10-02"
"Educação";"O Ideb subiu: os alunos aprenderam mais ou foram mais aprovados?";"Saeb: matemática · redes públicas · comparação dentro de cada etapa";"9º ano";"2025";"255,3";"Proficiência na escala Saeb (0–500), distinta do Ideb (0–10). Aqui o recorte é só de redes públicas; não comparar estes níveis diretamente com o gráfico público + privado nem interpretar diferenças entre séries como ganho dos mesmos alunos.";"https://www.gov.br/inep/pt-br/centrais-de-conteudo/noticias/ideb/ideb-avanca-em-todas-as-etapas-da-educacao-basica";"2026-10-02"
"Educação";"O Ideb subiu: os alunos aprenderam mais ou foram mais aprovados?";"Saeb: matemática · redes públicas · comparação dentro de cada etapa";"3ª série do ensino médio";"2023";"263,9";"Proficiência na escala Saeb (0–500), distinta do Ideb (0–10). Aqui o recorte é só de redes públicas; não comparar estes níveis diretamente com o gráfico público + privado nem interpretar diferenças entre séries como ganho dos mesmos alunos.";"https://www.gov.br/inep/pt-br/centrais-de-conteudo/noticias/ideb/ideb-avanca-em-todas-as-etapas-da-educacao-basica";"2026-10-02"
"Educação";"O Ideb subiu: os alunos aprenderam mais ou foram mais aprovados?";"Saeb: matemática · redes públicas · comparação dentro de cada etapa";"3ª série do ensino médio";"2025";"268,0";"Proficiência na escala Saeb (0–500), distinta do Ideb (0–10). Aqui o recorte é só de redes públicas; não comparar estes níveis diretamente com o gráfico público + privado nem interpretar diferenças entre séries como ganho dos mesmos alunos.";"https://www.gov.br/inep/pt-br/centrais-de-conteudo/noticias/ideb/ideb-avanca-em-todas-as-etapas-da-educacao-basica";"2026-10-02"
"Educação";"Estudar mais significa conseguir interpretar textos e contas?";"Inaf · analfabetismo funcional · população de 15 a 64 anos";"2015";"Analfabetismo funcional";"27";"Percentual agregado publicado na tabela 3 (p. 19), sem somar percentuais de níveis já arredondados. Os intervalos entre edições não são anuais. Não estimamos resultados de 2019–2023 ou 2025–2026. A edição 2024 atualizou tarefas e incorporou o ambiente digital; consulte a metodologia.";"https://acaoeducativa.org.br/wp-content/uploads/2025/11/Relatorio-INAF-Brasil-2024-Alfabetismo-do-analogico-ao-digital_compressed.pdf";"2026-10-02"
"Educação";"Estudar mais significa conseguir interpretar textos e contas?";"Inaf · analfabetismo funcional · população de 15 a 64 anos";"2018";"Analfabetismo funcional";"29";"Percentual agregado publicado na tabela 3 (p. 19), sem somar percentuais de níveis já arredondados. Os intervalos entre edições não são anuais. Não estimamos resultados de 2019–2023 ou 2025–2026. A edição 2024 atualizou tarefas e incorporou o ambiente digital; consulte a metodologia.";"https://acaoeducativa.org.br/wp-content/uploads/2025/11/Relatorio-INAF-Brasil-2024-Alfabetismo-do-analogico-ao-digital_compressed.pdf";"2026-10-02"
"Educação";"Estudar mais significa conseguir interpretar textos e contas?";"Inaf · analfabetismo funcional · população de 15 a 64 anos";"2024";"Analfabetismo funcional";"29";"Percentual agregado publicado na tabela 3 (p. 19), sem somar percentuais de níveis já arredondados. Os intervalos entre edições não são anuais. Não estimamos resultados de 2019–2023 ou 2025–2026. A edição 2024 atualizou tarefas e incorporou o ambiente digital; consulte a metodologia.";"https://acaoeducativa.org.br/wp-content/uploads/2025/11/Relatorio-INAF-Brasil-2024-Alfabetismo-do-analogico-ao-digital_compressed.pdf";"2026-10-02"
"Educação";"Estudar mais significa conseguir interpretar textos e contas?";"O que cada avaliação representa";"Ideb 2025";"População / unidade";"Etapas da educação básica · índice";"72% = 100% − 28% que atingiram pelo menos o nível 2, cálculo do projeto. Percentuais de populações e instrumentos distintos não devem ser subtraídos ou unidos numa mesma série.";"https://www.gov.br/inep/pt-br/centrais-de-conteudo/noticias/ideb/ideb-avanca-em-todas-as-etapas-da-educacao-basica | https://www.oecd.org/en/publications/pisa-2025-results-volume-i-country-notes_2d4ff9ea-en/brazil_d65ba095-en.html | https://acaoeducativa.org.br/wp-content/uploads/2025/11/Relatorio-INAF-Brasil-2024-Alfabetismo-do-analogico-ao-digital_compressed.pdf";"2026-10-02"
"Educação";"Estudar mais significa conseguir interpretar textos e contas?";"O que cada avaliação representa";"Ideb 2025";"O que responde";"Desempenho combinado com fluxo escolar";"72% = 100% − 28% que atingiram pelo menos o nível 2, cálculo do projeto. Percentuais de populações e instrumentos distintos não devem ser subtraídos ou unidos numa mesma série.";"https://www.gov.br/inep/pt-br/centrais-de-conteudo/noticias/ideb/ideb-avanca-em-todas-as-etapas-da-educacao-basica | https://www.oecd.org/en/publications/pisa-2025-results-volume-i-country-notes_2d4ff9ea-en/brazil_d65ba095-en.html | https://acaoeducativa.org.br/wp-content/uploads/2025/11/Relatorio-INAF-Brasil-2024-Alfabetismo-do-analogico-ao-digital_compressed.pdf";"2026-10-02"
"Educação";"Estudar mais significa conseguir interpretar textos e contas?";"O que cada avaliação representa";"PISA 2025";"População / unidade";"Estudantes elegíveis de 15 anos · 72% abaixo do nível 2 em matemática";"72% = 100% − 28% que atingiram pelo menos o nível 2, cálculo do projeto. Percentuais de populações e instrumentos distintos não devem ser subtraídos ou unidos numa mesma série.";"https://www.gov.br/inep/pt-br/centrais-de-conteudo/noticias/ideb/ideb-avanca-em-todas-as-etapas-da-educacao-basica | https://www.oecd.org/en/publications/pisa-2025-results-volume-i-country-notes_2d4ff9ea-en/brazil_d65ba095-en.html | https://acaoeducativa.org.br/wp-content/uploads/2025/11/Relatorio-INAF-Brasil-2024-Alfabetismo-do-analogico-ao-digital_compressed.pdf";"2026-10-02"
"Educação";"Estudar mais significa conseguir interpretar textos e contas?";"O que cada avaliação representa";"PISA 2025";"O que responde";"Uso de conhecimentos em problemas avaliados";"72% = 100% − 28% que atingiram pelo menos o nível 2, cálculo do projeto. Percentuais de populações e instrumentos distintos não devem ser subtraídos ou unidos numa mesma série.";"https://www.gov.br/inep/pt-br/centrais-de-conteudo/noticias/ideb/ideb-avanca-em-todas-as-etapas-da-educacao-basica | https://www.oecd.org/en/publications/pisa-2025-results-volume-i-country-notes_2d4ff9ea-en/brazil_d65ba095-en.html | https://acaoeducativa.org.br/wp-content/uploads/2025/11/Relatorio-INAF-Brasil-2024-Alfabetismo-do-analogico-ao-digital_compressed.pdf";"2026-10-02"
"Educação";"Estudar mais significa conseguir interpretar textos e contas?";"O que cada avaliação representa";"Inaf 2024";"População / unidade";"População de 15–64 anos · 29% de analfabetismo funcional";"72% = 100% − 28% que atingiram pelo menos o nível 2, cálculo do projeto. Percentuais de populações e instrumentos distintos não devem ser subtraídos ou unidos numa mesma série.";"https://www.gov.br/inep/pt-br/centrais-de-conteudo/noticias/ideb/ideb-avanca-em-todas-as-etapas-da-educacao-basica | https://www.oecd.org/en/publications/pisa-2025-results-volume-i-country-notes_2d4ff9ea-en/brazil_d65ba095-en.html | https://acaoeducativa.org.br/wp-content/uploads/2025/11/Relatorio-INAF-Brasil-2024-Alfabetismo-do-analogico-ao-digital_compressed.pdf";"2026-10-02"
"Educação";"Estudar mais significa conseguir interpretar textos e contas?";"O que cada avaliação representa";"Inaf 2024";"O que responde";"Leitura e matemática no cotidiano";"72% = 100% − 28% que atingiram pelo menos o nível 2, cálculo do projeto. Percentuais de populações e instrumentos distintos não devem ser subtraídos ou unidos numa mesma série.";"https://www.gov.br/inep/pt-br/centrais-de-conteudo/noticias/ideb/ideb-avanca-em-todas-as-etapas-da-educacao-basica | https://www.oecd.org/en/publications/pisa-2025-results-volume-i-country-notes_2d4ff9ea-en/brazil_d65ba095-en.html | https://acaoeducativa.org.br/wp-content/uploads/2025/11/Relatorio-INAF-Brasil-2024-Alfabetismo-do-analogico-ao-digital_compressed.pdf";"2026-10-02"
"Educação";"Aproximar-se da OCDE significa aprender mais?";"PISA · Matemática";"2015";"Brasil";"377,07";"Mesmas 35 economias da linha OECD average-35 nas tabelas oficiais, não média mundial ou conjunto variável de participantes. Estudantes elegíveis de 15 anos; não toda a população. Pontos não são porcentagem de conhecimento. Médias e erros-padrão no JSON público.";"https://stat.link/mrq53f | dados/comparacoes-evidencias-2026-10-02.json";"2026-10-02"
"Educação";"Aproximar-se da OCDE significa aprender mais?";"PISA · Matemática";"2015";"OCDE · grupo constante de 35";"487,24";"Mesmas 35 economias da linha OECD average-35 nas tabelas oficiais, não média mundial ou conjunto variável de participantes. Estudantes elegíveis de 15 anos; não toda a população. Pontos não são porcentagem de conhecimento. Médias e erros-padrão no JSON público.";"https://stat.link/mrq53f | dados/comparacoes-evidencias-2026-10-02.json";"2026-10-02"
"Educação";"Aproximar-se da OCDE significa aprender mais?";"PISA · Matemática";"2018";"Brasil";"383,57";"Mesmas 35 economias da linha OECD average-35 nas tabelas oficiais, não média mundial ou conjunto variável de participantes. Estudantes elegíveis de 15 anos; não toda a população. Pontos não são porcentagem de conhecimento. Médias e erros-padrão no JSON público.";"https://stat.link/mrq53f | dados/comparacoes-evidencias-2026-10-02.json";"2026-10-02"
"Educação";"Aproximar-se da OCDE significa aprender mais?";"PISA · Matemática";"2018";"OCDE · grupo constante de 35";"489,68";"Mesmas 35 economias da linha OECD average-35 nas tabelas oficiais, não média mundial ou conjunto variável de participantes. Estudantes elegíveis de 15 anos; não toda a população. Pontos não são porcentagem de conhecimento. Médias e erros-padrão no JSON público.";"https://stat.link/mrq53f | dados/comparacoes-evidencias-2026-10-02.json";"2026-10-02"
"Educação";"Aproximar-se da OCDE significa aprender mais?";"PISA · Matemática";"2022";"Brasil";"378,69";"Mesmas 35 economias da linha OECD average-35 nas tabelas oficiais, não média mundial ou conjunto variável de participantes. Estudantes elegíveis de 15 anos; não toda a população. Pontos não são porcentagem de conhecimento. Médias e erros-padrão no JSON público.";"https://stat.link/mrq53f | dados/comparacoes-evidencias-2026-10-02.json";"2026-10-02"
"Educação";"Aproximar-se da OCDE significa aprender mais?";"PISA · Matemática";"2022";"OCDE · grupo constante de 35";"474,84";"Mesmas 35 economias da linha OECD average-35 nas tabelas oficiais, não média mundial ou conjunto variável de participantes. Estudantes elegíveis de 15 anos; não toda a população. Pontos não são porcentagem de conhecimento. Médias e erros-padrão no JSON público.";"https://stat.link/mrq53f | dados/comparacoes-evidencias-2026-10-02.json";"2026-10-02"
"Educação";"Aproximar-se da OCDE significa aprender mais?";"PISA · Matemática";"2025";"Brasil";"376,77";"Mesmas 35 economias da linha OECD average-35 nas tabelas oficiais, não média mundial ou conjunto variável de participantes. Estudantes elegíveis de 15 anos; não toda a população. Pontos não são porcentagem de conhecimento. Médias e erros-padrão no JSON público.";"https://stat.link/mrq53f | dados/comparacoes-evidencias-2026-10-02.json";"2026-10-02"
"Educação";"Aproximar-se da OCDE significa aprender mais?";"PISA · Matemática";"2025";"OCDE · grupo constante de 35";"465,49";"Mesmas 35 economias da linha OECD average-35 nas tabelas oficiais, não média mundial ou conjunto variável de participantes. Estudantes elegíveis de 15 anos; não toda a população. Pontos não são porcentagem de conhecimento. Médias e erros-padrão no JSON público.";"https://stat.link/mrq53f | dados/comparacoes-evidencias-2026-10-02.json";"2026-10-02"
"Educação";"Aproximar-se da OCDE significa aprender mais?";"PISA · Leitura";"2015";"Brasil";"407,35";"Mesmas 35 economias da linha OECD average-35 nas tabelas oficiais, não média mundial ou conjunto variável de participantes. Estudantes elegíveis de 15 anos; não toda a população. Pontos não são porcentagem de conhecimento. Médias e erros-padrão no JSON público.";"https://stat.link/mrq53f | dados/comparacoes-evidencias-2026-10-02.json";"2026-10-02"
"Educação";"Aproximar-se da OCDE significa aprender mais?";"PISA · Leitura";"2015";"OCDE · grupo constante de 35";"490,27";"Mesmas 35 economias da linha OECD average-35 nas tabelas oficiais, não média mundial ou conjunto variável de participantes. Estudantes elegíveis de 15 anos; não toda a população. Pontos não são porcentagem de conhecimento. Médias e erros-padrão no JSON público.";"https://stat.link/mrq53f | dados/comparacoes-evidencias-2026-10-02.json";"2026-10-02"
"Educação";"Aproximar-se da OCDE significa aprender mais?";"PISA · Leitura";"2018";"Brasil";"412,87";"Mesmas 35 economias da linha OECD average-35 nas tabelas oficiais, não média mundial ou conjunto variável de participantes. Estudantes elegíveis de 15 anos; não toda a população. Pontos não são porcentagem de conhecimento. Médias e erros-padrão no JSON público.";"https://stat.link/mrq53f | dados/comparacoes-evidencias-2026-10-02.json";"2026-10-02"
"Educação";"Aproximar-se da OCDE significa aprender mais?";"PISA · Leitura";"2018";"OCDE · grupo constante de 35";"487,62";"Mesmas 35 economias da linha OECD average-35 nas tabelas oficiais, não média mundial ou conjunto variável de participantes. Estudantes elegíveis de 15 anos; não toda a população. Pontos não são porcentagem de conhecimento. Médias e erros-padrão no JSON público.";"https://stat.link/mrq53f | dados/comparacoes-evidencias-2026-10-02.json";"2026-10-02"
"Educação";"Aproximar-se da OCDE significa aprender mais?";"PISA · Leitura";"2022";"Brasil";"410,36";"Mesmas 35 economias da linha OECD average-35 nas tabelas oficiais, não média mundial ou conjunto variável de participantes. Estudantes elegíveis de 15 anos; não toda a população. Pontos não são porcentagem de conhecimento. Médias e erros-padrão no JSON público.";"https://stat.link/mrq53f | dados/comparacoes-evidencias-2026-10-02.json";"2026-10-02"
"Educação";"Aproximar-se da OCDE significa aprender mais?";"PISA · Leitura";"2022";"OCDE · grupo constante de 35";"477,35";"Mesmas 35 economias da linha OECD average-35 nas tabelas oficiais, não média mundial ou conjunto variável de participantes. Estudantes elegíveis de 15 anos; não toda a população. Pontos não são porcentagem de conhecimento. Médias e erros-padrão no JSON público.";"https://stat.link/mrq53f | dados/comparacoes-evidencias-2026-10-02.json";"2026-10-02"
"Educação";"Aproximar-se da OCDE significa aprender mais?";"PISA · Leitura";"2025";"Brasil";"408,01";"Mesmas 35 economias da linha OECD average-35 nas tabelas oficiais, não média mundial ou conjunto variável de participantes. Estudantes elegíveis de 15 anos; não toda a população. Pontos não são porcentagem de conhecimento. Médias e erros-padrão no JSON público.";"https://stat.link/mrq53f | dados/comparacoes-evidencias-2026-10-02.json";"2026-10-02"
"Educação";"Aproximar-se da OCDE significa aprender mais?";"PISA · Leitura";"2025";"OCDE · grupo constante de 35";"463,01";"Mesmas 35 economias da linha OECD average-35 nas tabelas oficiais, não média mundial ou conjunto variável de participantes. Estudantes elegíveis de 15 anos; não toda a população. Pontos não são porcentagem de conhecimento. Médias e erros-padrão no JSON público.";"https://stat.link/mrq53f | dados/comparacoes-evidencias-2026-10-02.json";"2026-10-02"
"Educação";"Aproximar-se da OCDE significa aprender mais?";"PISA · Ciências";"2015";"Brasil";"400,68";"Mesmas 35 economias da linha OECD average-35 nas tabelas oficiais, não média mundial ou conjunto variável de participantes. Estudantes elegíveis de 15 anos; não toda a população. Pontos não são porcentagem de conhecimento. Médias e erros-padrão no JSON público.";"https://stat.link/mrq53f | dados/comparacoes-evidencias-2026-10-02.json";"2026-10-02"
"Educação";"Aproximar-se da OCDE significa aprender mais?";"PISA · Ciências";"2015";"OCDE · grupo constante de 35";"490,79";"Mesmas 35 economias da linha OECD average-35 nas tabelas oficiais, não média mundial ou conjunto variável de participantes. Estudantes elegíveis de 15 anos; não toda a população. Pontos não são porcentagem de conhecimento. Médias e erros-padrão no JSON público.";"https://stat.link/mrq53f | dados/comparacoes-evidencias-2026-10-02.json";"2026-10-02"
"Educação";"Aproximar-se da OCDE significa aprender mais?";"PISA · Ciências";"2018";"Brasil";"403,62";"Mesmas 35 economias da linha OECD average-35 nas tabelas oficiais, não média mundial ou conjunto variável de participantes. Estudantes elegíveis de 15 anos; não toda a população. Pontos não são porcentagem de conhecimento. Médias e erros-padrão no JSON público.";"https://stat.link/mrq53f | dados/comparacoes-evidencias-2026-10-02.json";"2026-10-02"
"Educação";"Aproximar-se da OCDE significa aprender mais?";"PISA · Ciências";"2018";"OCDE · grupo constante de 35";"489,16";"Mesmas 35 economias da linha OECD average-35 nas tabelas oficiais, não média mundial ou conjunto variável de participantes. Estudantes elegíveis de 15 anos; não toda a população. Pontos não são porcentagem de conhecimento. Médias e erros-padrão no JSON público.";"https://stat.link/mrq53f | dados/comparacoes-evidencias-2026-10-02.json";"2026-10-02"
"Educação";"Aproximar-se da OCDE significa aprender mais?";"PISA · Ciências";"2022";"Brasil";"403";"Mesmas 35 economias da linha OECD average-35 nas tabelas oficiais, não média mundial ou conjunto variável de participantes. Estudantes elegíveis de 15 anos; não toda a população. Pontos não são porcentagem de conhecimento. Médias e erros-padrão no JSON público.";"https://stat.link/mrq53f | dados/comparacoes-evidencias-2026-10-02.json";"2026-10-02"
"Educação";"Aproximar-se da OCDE significa aprender mais?";"PISA · Ciências";"2022";"OCDE · grupo constante de 35";"486,75";"Mesmas 35 economias da linha OECD average-35 nas tabelas oficiais, não média mundial ou conjunto variável de participantes. Estudantes elegíveis de 15 anos; não toda a população. Pontos não são porcentagem de conhecimento. Médias e erros-padrão no JSON público.";"https://stat.link/mrq53f | dados/comparacoes-evidencias-2026-10-02.json";"2026-10-02"
"Educação";"Aproximar-se da OCDE significa aprender mais?";"PISA · Ciências";"2025";"Brasil";"408,54";"Mesmas 35 economias da linha OECD average-35 nas tabelas oficiais, não média mundial ou conjunto variável de participantes. Estudantes elegíveis de 15 anos; não toda a população. Pontos não são porcentagem de conhecimento. Médias e erros-padrão no JSON público.";"https://stat.link/mrq53f | dados/comparacoes-evidencias-2026-10-02.json";"2026-10-02"
"Educação";"Aproximar-se da OCDE significa aprender mais?";"PISA · Ciências";"2025";"OCDE · grupo constante de 35";"483,93";"Mesmas 35 economias da linha OECD average-35 nas tabelas oficiais, não média mundial ou conjunto variável de participantes. Estudantes elegíveis de 15 anos; não toda a população. Pontos não são porcentagem de conhecimento. Médias e erros-padrão no JSON público.";"https://stat.link/mrq53f | dados/comparacoes-evidencias-2026-10-02.json";"2026-10-02"
